[
  {
      "model": "account.User",
      "pk": 2,
      "fields": {
          "username": "staff",
          "email": "staff@email.com",
          "mobile": "000000",
          "name": "Staff",
          "role": "S",
          "date_joined": "2013-03-16T17:41:28+00:00",
          "last_seen": "2013-03-16T17:41:28+00:00"
      }
  },
  {
    "model": "account.User",
    "pk": 3,
    "fields": {
        "username": "driver",
        "email": "driver@email.com",
        "mobile": "000001",
        "device_token": "7d925fa2a6167c27893127",
        "name": "Driver",
        "role": "D",
        "date_joined": "2013-03-16T17:41:28+00:00",
        "last_seen": "2013-03-16T17:41:28+00:00"
    }
  },
  {
    "model": "account.User",
    "pk": 4,
    "fields": {
        "username": "escort",
        "email": "escort@email.com",
        "mobile": "000002",
        "name": "Escort",
        "role": "E",
        "date_joined": "2013-03-16T17:41:28+00:00",
        "last_seen": "2013-03-16T17:41:28+00:00"
    }
  },
  {
    "model": "account.User",
    "pk": 5,
    "fields": {
        "username": "customer",
        "email": "customer@email.com",
        "mobile": "000003",
        "name": "Customer",
        "role": "C",
        "date_joined": "2013-03-16T17:41:28+00:00",
        "last_seen": "2013-03-16T17:41:28+00:00"
    }
  },
  {
    "model": "account.User",
    "pk": 6,
    "fields": {
        "username": "customer2",
        "email": "customer2@email.com",
        "mobile": "000004",
        "name": "Customer2",
        "role": "C",
        "date_joined": "2013-03-16T17:41:28+00:00",
        "last_seen": "2013-03-16T17:41:28+00:00"
    }
  },
  {
    "model": "hr.Department",
    "pk": 1,
    "fields": {
      "name": "Finance",
      "created": "2013-03-16T17:41:28+00:00",
      "updated": "2013-03-16T17:41:28+00:00"
    }
  },
  {
    "model": "hr.Position",
    "pk": 1,
    "fields": {
      "name": "Manager",
      "created": "2013-03-16T17:41:28+00:00",
      "updated": "2013-03-16T17:41:28+00:00"
    }
  },
  {
    "model": "hr.StaffProfile",
    "pk": 2,
    "fields": {
      "user": 2,
      "department": 1,
      "position": 1,
      "created": "2013-03-16T17:41:28+00:00",
      "updated": "2013-03-16T17:41:28+00:00"
    }
  },
  {
    "model": "hr.StaffProfile",
    "pk": 3,
    "fields": {
      "user": 3,
      "department": 1,
      "position": 1,
      "created": "2013-03-16T17:41:28+00:00",
      "updated": "2013-03-16T17:41:28+00:00"
    }
  },
  {
    "model": "hr.StaffProfile",
    "pk": 4,
    "fields": {
      "user": 4,
      "department": 1,
      "position": 1,
      "created": "2013-03-16T17:41:28+00:00",
      "updated": "2013-03-16T17:41:28+00:00"
    }
  },
  {
    "model": "hr.CustomerProfile",
    "pk": 1,
    "fields": {
      "user": 5,
      "associated_with": 2,
      "name": "Customer Name 1",
      "contact": "Customer Contact 1",
      "mobile": "0123456789",
      "address": "Address 1",
      "created": "2013-03-16T17:41:28+00:00",
      "updated": "2013-03-16T17:41:28+00:00"
    }
  },
  {
    "model": "hr.CustomerProfile",
    "pk": 2,
    "fields": {
      "user": 6,
      "associated_with": 2,
      "name": "Customer Name 2",
      "contact": "Customer Contact 2",
      "mobile": "0123456789",
      "address": "Address 2",
      "created": "2013-03-16T17:41:28+00:00",
      "updated": "2013-03-16T17:41:28+00:00"
    }
  },
  {
    "model": "info.Product",
    "pk": 1,
    "fields": {
        "name": "Product1",
        "code": "product-1-code",
        "category": "G",
        "price": 1,
        "description": "This is the description for Product1",
        "created": "2013-03-16T17:41:28+00:00",
        "updated": "2013-03-16T17:41:28+00:00"
    }
  },
  {
      "model": "info.Product",
      "pk": 2,
      "fields": {
          "name": "Product2",
          "code": "product-2-code",
          "category": "G",
          "price": 1,
          "description": "This is the description for Product2",
          "created": "2013-03-16T17:41:28+00:00",
          "updated": "2013-03-16T17:41:28+00:00"
      }
  },
  {
      "model": "info.Product",
      "pk": 3,
      "fields": {
          "name": "Product3",
          "code": "product-3-code",
          "category": "G",
          "price": 1,
          "description": "This is the description for Product3",
          "created": "2013-03-16T17:41:28+00:00",
          "updated": "2013-03-16T17:41:28+00:00"
      }
  },
  {
      "model": "info.Product",
      "pk": 4,
      "fields": {
          "name": "Product4",
          "code": "product-4-code",
          "category": "O",
          "price": 1,
          "description": "This is the description for Product4",
          "created": "2013-03-16T17:41:28+00:00",
          "updated": "2013-03-16T17:41:28+00:00"
      }
  },
  {
      "model": "info.Product",
      "pk": 5,
      "fields": {
          "name": "Product5",
          "code": "product-5-code",
          "category": "O",
          "price": 1,
          "description": "This is the description for Product6",
          "created": "2013-03-16T17:41:28+00:00",
          "updated": "2013-03-16T17:41:28+00:00"
      }
  },
  {
      "model": "info.Product",
      "pk": 6,
      "fields": {
          "name": "Product6",
          "code": "product-6-code",
          "category": "O",
          "price": 1,
          "description": "This is the description for Product6",
          "created": "2013-03-16T17:41:28+00:00",
          "updated": "2013-03-16T17:41:28+00:00"
      }
  },
  {
      "model": "info.Station",
      "pk": 1,
      "fields": {
          "name": "Loading A",
          "contact": "Zhang Shi Jun",
          "mobile": "123456789",
          "address": "Tongzhou District Beijing",
          "station_type": "L",
          "longitude": 117.397428,
          "latitude": 39.90923,
          "radius": 100,
          "price": 1,
          "products": [1,2],
          "working_time": 1,
          "working_time_measure_unit": "H",
          "average_time": 2,
          "average_time_measure_unit": "H",
          "created": "2013-03-16T17:41:28+00:00",
          "updated": "2013-03-16T17:41:28+00:00"
      }
  },
  {
      "model": "info.Station",
      "pk": 2,
      "fields": {
          "name": "Loading B",
          "contact": "Zhen He",
          "mobile": "123456789",
          "address": "Tongzhou District Beijing",
          "station_type": "L",
          "longitude": 115.397428,
          "latitude": 39.90923,
          "radius": 100,
          "price": 1,
          "products": [1,2],
          "working_time": 1,
          "working_time_measure_unit": "H",
          "average_time": 2,
          "average_time_measure_unit": "H",
          "created": "2013-03-16T17:41:28+00:00",
          "updated": "2013-03-16T17:41:28+00:00"
      }
  },
  {
      "model": "info.Station",
      "pk": 3,
      "fields": {
          "name": "Loading C",
          "contact": "Zhen Ge",
          "mobile": "123456789",
          "address": "Jilin",
          "station_type": "L",
          "longitude": 114.397428,
          "latitude": 39.90923,
          "radius": 100,
          "price": 1,
          "products": [1,2],
          "working_time": 1,
          "working_time_measure_unit": "H",
          "average_time": 2,
          "average_time_measure_unit": "H",
          "created": "2013-03-16T17:41:28+00:00",
          "updated": "2013-03-16T17:41:28+00:00"
      }
  },
  {
      "model": "info.Station",
      "pk": 4,
      "fields": {
          "name": "Loading D",
          "contact": "D Manager",
          "mobile": "123456789",
          "address": "Chaoyang District Beijing",
          "station_type": "L",
          "longitude": 113.397428,
          "latitude": 39.90923,
          "radius": 100,
          "price": 1,
          "products": [1,2],
          "working_time": 1,
          "working_time_measure_unit": "M",
          "average_time": 2,
          "average_time_measure_unit": "M",
          "created": "2013-03-16T17:41:28+00:00",
          "updated": "2013-03-16T17:41:28+00:00"
      }
  },
  {
      "model": "info.Station",
      "pk": 5,
      "fields": {
          "name": "Loading E",
          "contact": "E Manager",
          "mobile": "123456789",
          "address": "Shen Zhen District Beijing",
          "station_type": "L",
          "longitude": 112.397428,
          "latitude": 39.90923,
          "radius": 100,
          "price": 5,
          "products": [1,2],
          "working_time": 1,
          "working_time_measure_unit": "M",
          "average_time": 2,
          "average_time_measure_unit": "M",
          "created": "2013-03-16T17:41:28+00:00",
          "updated": "2013-03-16T17:41:28+00:00"
      }
  },
  {
      "model": "info.Station",
      "pk": 6,
      "fields": {
          "name": "Loading F",
          "contact": "F Manager",
          "mobile": "123456789",
          "address": "Shang hai",
          "station_type": "L",
          "longitude": 111.397428,
          "latitude": 39.90923,
          "radius": 100,
          "price": 1,
          "products": [1,2],
          "working_time": 1,
          "working_time_measure_unit": "M",
          "average_time": 2,
          "average_time_measure_unit": "M",
          "created": "2013-03-16T17:41:28+00:00",
          "updated": "2013-03-16T17:41:28+00:00"
      }
  },
  {
      "model": "info.Station",
      "pk": 7,
      "fields": {
          "name": "UnLoading A",
          "contact": "UnLoading A",
          "mobile": "123456789",
          "address": "UnLoading A",
          "station_type": "U",
          "longitude": 116.397428,
          "latitude": 39.90933,
          "radius": 100,
          "price": 1,
          "products": [1,2],
          "working_time": 1,
          "working_time_measure_unit": "H",
          "average_time": 2,
          "average_time_measure_unit": "H",
          "created": "2013-03-16T17:41:28+00:00",
          "updated": "2013-03-16T17:41:28+00:00"
      }
  },
  {
      "model": "info.Station",
      "pk": 8,
      "fields": {
          "name": "UnLoading B",
          "contact": "UnLoading B",
          "mobile": "123456789",
          "address": "UnLoading B",
          "station_type": "U",
          "longitude": 116.397428,
          "latitude": 38.910923,
          "radius": 100,
          "price": 1,
          "products": [1,2],
          "working_time": 1,
          "working_time_measure_unit": "H",
          "average_time": 2,
          "average_time_measure_unit": "H",
          "created": "2013-03-16T17:41:28+00:00",
          "updated": "2013-03-16T17:41:28+00:00"
      }
  },
  {
      "model": "info.Station",
      "pk": 9,
      "fields": {
          "name": "UnLoading C",
          "contact": "C Manager",
          "mobile": "123456789",
          "address": "Beijing",
          "station_type": "U",
          "longitude": 116.397428,
          "latitude": 37.90923,
          "radius": 100,
          "price": 1,
          "products": [1,2],
          "working_time": 1,
          "working_time_measure_unit": "H",
          "average_time": 2,
          "average_time_measure_unit": "H",
          "created": "2013-03-16T17:41:28+00:00",
          "updated": "2013-03-16T17:41:28+00:00"
      }
  },
  {
      "model": "info.Station",
      "pk": 10,
      "fields": {
          "name": "UnLoading D",
          "contact": "D Manager",
          "mobile": "123456789",
          "address": "Shang hai",
          "station_type": "U",
          "longitude": 116.397428,
          "latitude": 36.90923,
          "radius": 100,
          "price": 1,
          "products": [1,2],
          "working_time": 1,
          "working_time_measure_unit": "M",
          "average_time": 2,
          "average_time_measure_unit": "M",
          "created": "2013-03-16T17:41:28+00:00",
          "updated": "2013-03-16T17:41:28+00:00"
      }
  },
  {
      "model": "info.Station",
      "pk": 11,
      "fields": {
          "name": "UnLoading E",
          "contact": "E Manager",
          "mobile": "123456789",
          "address": "UnLoading A",
          "station_type": "U",
          "longitude": 116.397428,
          "latitude": 35.90923,
          "radius": 100,
          "price": 1,
          "products": [1,2],
          "working_time": 1,
          "working_time_measure_unit": "M",
          "average_time": 2,
          "average_time_measure_unit": "M",
          "created": "2013-03-16T17:41:28+00:00",
          "updated": "2013-03-16T17:41:28+00:00"
      }
  },
  {
      "model": "info.Station",
      "pk": 12,
      "fields": {
          "name": "UnLoading F",
          "contact": "F Manager",
          "mobile": "123456789",
          "address": "Loading B",
          "station_type": "U",
          "longitude": 116.397428,
          "latitude": 34.90923,
          "radius": 100,
          "price": 1,
          "products": [1,2],
          "working_time": 1,
          "working_time_measure_unit": "M",
          "average_time": 2,
          "average_time_measure_unit": "M",
          "created": "2013-03-16T17:41:28+00:00",
          "updated": "2013-03-16T17:41:28+00:00"
      }
  },
  {
      "model": "info.Station",
      "pk": 13,
      "fields": {
          "name": "Oil A",
          "contact": "Oil A",
          "mobile": "123456789",
          "address": "Oil A",
          "station_type": "O",
          "longitude": 116.397428,
          "latitude": 39.90923,
          "radius": 100,
          "price": 1,
          "price_vary_duration": 1,
          "created": "2013-03-16T17:41:28+00:00",
          "updated": "2013-03-16T17:41:28+00:00"
      }
  },
  {
      "model": "info.Station",
      "pk": 14,
      "fields": {
          "name": "Oil B",
          "contact": "Oil B",
          "mobile": "123456789",
          "address": "Loading B",
          "station_type": "O",
          "longitude": 114.397428,
          "latitude": 35.90923,
          "radius": 100,
          "price": 1,
          "price_vary_duration": 2,
          "created": "2013-03-16T17:41:28+00:00",
          "updated": "2013-03-16T17:41:28+00:00"
      }
  },
  {
      "model": "info.Station",
      "pk": 15,
      "fields": {
          "name": "Oil C",
          "contact": "C Manager",
          "mobile": "123456789",
          "address": "Beijing",
          "station_type": "O",
          "longitude": 116.397428,
          "latitude": 38.90923,
          "radius": 100,
          "price": 1,
          "price_vary_duration": 3,
          "created": "2013-03-16T17:41:28+00:00",
          "updated": "2013-03-16T17:41:28+00:00"
      }
  },
  {
      "model": "info.Station",
      "pk": 16,
      "fields": {
          "name": "Oil D",
          "contact": "D Manager",
          "mobile": "123456789",
          "address": "Shang hai",
          "station_type": "O",
          "longitude": 119.397428,
          "latitude": 39.90923,
          "radius": 100,
          "price": 1,
          "price_vary_duration": 1,
          "price_vary_duration_unit": "Y",
          "created": "2013-03-16T17:41:28+00:00",
          "updated": "2013-03-16T17:41:28+00:00"
      }
  },
  {
      "model": "info.Station",
      "pk": 17,
      "fields": {
          "name": "Oil E",
          "contact": "E Manager",
          "mobile": "123456789",
          "address": "Oil A",
          "station_type": "O",
          "longitude": 114.392428,
          "latitude": 39.90923,
          "radius": 100,
          "price": 1,
          "price_vary_duration": 2,
          "created": "2013-03-16T17:41:28+00:00",
          "updated": "2013-03-16T17:41:28+00:00"
      }
  },
  {
      "model": "info.Station",
      "pk": 18,
      "fields": {
          "name": "Oil F",
          "contact": "F Manager",
          "mobile": "123456789",
          "address": "Loading B",
          "station_type": "O",
          "longitude": 116.397422,
          "latitude": 39.90923,
          "radius": 100,
          "price": 1,
          "price_vary_duration": 3,
          "created": "2013-03-16T17:41:28+00:00",
          "updated": "2013-03-16T17:41:28+00:00"
      }
  },
  {
    "model": "info.Station",
    "pk": 19,
    "fields": {
        "name": "Quality Station A",
        "contact": "Quality Station A Contact",
        "mobile": "123456789",
        "address": "Quality Station A Address",
        "station_type": "Q",
        "longitude": 116.396428,
        "latitude": 39.90923,
        "radius": 100,
        "price": 1,
        "working_time": 1,
        "working_time_measure_unit": "H",
        "average_time": 2,
        "average_time_measure_unit": "H",
        "created": "2013-03-16T17:41:28+00:00",
        "updated": "2013-03-16T17:41:28+00:00"
    }
  },
  {
    "model": "info.Station",
    "pk": 20,
    "fields": {
        "name": "Quality Station B",
        "contact": "Quality Station B Contact",
        "mobile": "123456789",
        "address": "Quality Station B Address",
        "station_type": "Q",
        "longitude": 116.357428,
        "latitude": 39.90923,
        "radius": 100,
        "price": 1,
        "working_time": 1,
        "working_time_measure_unit": "H",
        "average_time": 2,
        "average_time_measure_unit": "H",
        "created": "2013-03-16T17:41:28+00:00",
        "updated": "2013-03-16T17:41:28+00:00"
    }
  },
  {
    "model": "info.Station",
    "pk": 21,
    "fields": {
        "name": "Black dot",
        "station_type": "B",
        "longitude": 106.357428,
        "latitude": 49.90923,
        "radius": 100,
        "notification_message": "Do not run at high speed",
        "created": "2013-03-16T17:41:28+00:00",
        "updated": "2013-03-16T17:41:28+00:00"
    }
  },
  {
      "model": "vehicle.Vehicle",
      "pk": 1,
      "fields": {
          "model": "T",
          "plate_num": "鲁UG2802",
          "identifier_code": "Model-1",
          "brand": "T",
          "total_load": 100,
          "actual_load": 100,
          "branches": [50, 50],
          "created": "2013-03-16T17:41:28+00:00",
          "updated": "2013-03-16T17:41:28+00:00"
      }
  },
  {
      "model": "vehicle.Vehicle",
      "pk": 2,
      "fields": {
          "model": "T",
          "plate_num": "鲁UC6753",
          "identifier_code": "Model-2",
          "brand": "T",
          "total_load": 100,
          "actual_load": 100,
          "branches": [100],
          "created": "2013-03-16T17:41:28+00:00",
          "updated": "2013-03-16T17:41:28+00:00"
      }
  },
  {
      "model": "vehicle.Vehicle",
      "pk": 3,
      "fields": {
          "model": "T",
          "plate_num": "鲁UA3161",
          "identifier_code": "Model-2",
          "brand": "T",
          "total_load": 100,
          "actual_load": 100,
          "branches": [100],
          "created": "2013-03-16T17:41:28+00:00",
          "updated": "2013-03-16T17:41:28+00:00"
      }
  },
  {
    "model": "info.Route",
    "pk": 1,
    "fields": {
        "name": "A-A-A-B-C",
        "path": [1,19,7,8,9],
        "policy": 0,
        "distance": 408628,
        "created": "2013-03-16T17:41:28+00:00",
        "updated": "2013-03-16T17:41:28+00:00"
    }
  },
  {
    "model": "info.Route",
    "pk": 2,
    "fields": {
        "name": "A-A-A",
        "path": [1,19,7],
        "policy": 0,
        "distance": 112054,
        "created": "2013-03-16T17:41:28+00:00",
        "updated": "2013-03-16T17:41:28+00:00"
    }
  }
]
